removed_duplicate_path,retained_copy_path,sha256,bytes
A1/run/runs/detect/val/val_batch0_labels.jpg,A1/run/runs/detect/val-2/val_batch0_labels.jpg,8d3f0f70789be05d5725a6617139e28669211c5bdeaa1d683f0fc70c76f3858d,455561
A1/run/runs/detect/val/val_batch0_pred.jpg,A1/run/runs/detect/val-2/val_batch0_pred.jpg,d232c8c8618df563d973f5cbcb784b7307de4a9432c6873c2a673ee6c48ab27b,462692
A1/run/runs/detect/val/val_batch1_labels.jpg,A1/run/runs/detect/val-2/val_batch1_labels.jpg,95ac9536d7700a9010806c2bcf531a91bdbc0edd65fe07144aa7837883844da1,661406
A1/run/runs/detect/val/val_batch1_pred.jpg,A1/run/runs/detect/val-2/val_batch1_pred.jpg,2e35dbcc089b1da5cbe76158c5ef828a64e38f568e50d435d6572011e96c1820,664183
A1/run/runs/detect/val/val_batch2_labels.jpg,A1/run/runs/detect/val-2/val_batch2_labels.jpg,38cbeb81101952a6ffa30d740c27ff3326bbde9e6e6e7623fc4d7956f97e3963,612424
A1/run/runs/detect/val/val_batch2_pred.jpg,A1/run/runs/detect/val-2/val_batch2_pred.jpg,b970bb6bd2d79bc4cd364e1b63a778ddc8b1c29ec0d2ed8e7d5afbd11679593f,623810
A1/run/.ipynb_checkpoints/args-checkpoint.yaml,A1/run/args.yaml,a0de99e7da38d78dad1d2fe41e7a8398040aba0501d5e1e3ebf32488f8283fd7,1838
A1/run/.ipynb_checkpoints/results-checkpoint.csv,A1/run/results.csv,c0bd388bdfde4a787c11dd73962a49da65fba3becce51471740e9607d5275789,2016
A2/run/labels.jpg,A1/run/labels.jpg,ae12e84d2ea78f8cde78c971ee98c81fa7a736e0680185c795e274003e1219f8,171182
A2/run/train_batch0.jpg,A1/run/train_batch0.jpg,f5aaf8493761f0e2900ff1eecb2a44275484d30f90eab02b7df2c6b363a9357e,513804
A2/run/train_batch1.jpg,A1/run/train_batch1.jpg,a2abca0829592b11b539269a65b054264f8cdb14531e8971f4896078cbc59c3f,590260
A2/run/train_batch2.jpg,A1/run/train_batch2.jpg,d3555827cc6b23d47fecc9f26f23aa9f847480ae7c6fe099074fb33355171681,591841
A2/run/val_batch0_labels.jpg,A1/run/val_batch0_labels.jpg,a81bc46b3c19e25f39f4ed0a7e7594a4e6370224d322dab279f364cdf9eb0ccc,456041
A2/run/val_batch1_labels.jpg,A1/run/val_batch1_labels.jpg,cd0141cbd10866a4e6c3064fd33f1afd6933b039579a3f049b1260c30f9b4f6d,657985
A2/run/val_batch2_labels.jpg,A1/run/val_batch2_labels.jpg,99a7a1c6cc194ad8e63fe45818a4a5c924abd51dcf28019592f44ce6a8ec673a,516334
A2/run/.ipynb_checkpoints/results-checkpoint.csv,A2/run/results.csv,afc76e1bd8c158fdeb26332d1806959d9365ba8dcff5e5f396fb8401afba0af6,8690
comparisons/A1_vs_A2/A-1/val_batch0_labels.jpg,A1/run/runs/detect/val-2/val_batch0_labels.jpg,8d3f0f70789be05d5725a6617139e28669211c5bdeaa1d683f0fc70c76f3858d,455561
comparisons/A1_vs_A2/A-1/val_batch0_pred.jpg,A1/run/runs/detect/val-2/val_batch0_pred.jpg,d232c8c8618df563d973f5cbcb784b7307de4a9432c6873c2a673ee6c48ab27b,462692
comparisons/A1_vs_A2/A-2/val_batch0_labels.jpg,A1/run/runs/detect/val-2/val_batch0_labels.jpg,8d3f0f70789be05d5725a6617139e28669211c5bdeaa1d683f0fc70c76f3858d,455561
comparisons/A1_vs_A2/A-2/val_batch1_labels.jpg,comparisons/A1_vs_A2/A-1/val_batch1_labels.jpg,26592bf08750e05d6e9128dbb990d57b1dc413f4234fd61fd46cf759f73a38a3,681406
comparisons/A1_vs_A2/A-2/val_batch2_labels.jpg,comparisons/A1_vs_A2/A-1/val_batch2_labels.jpg,eae7e84f9275bb2ba70de2545bf446f50420d4ddbad8943fbaa07f9c54e1ecae,657192
comparisons/dirty_to_clean/A-1/confusion_matrix.png,comparisons/A1_vs_A2/A-1/confusion_matrix.png,1f2a7a65ca24198942421db225f13e263f0e5161f5093c15051da44a08c35d51,366188
comparisons/dirty_to_clean/A-1/confusion_matrix_normalized.png,comparisons/A1_vs_A2/A-1/confusion_matrix_normalized.png,315f745cdad72718a133ea39165273a4b15333d82dedce186938970f86586168,392715
comparisons/dirty_to_clean/A-1/val_batch0_labels.jpg,A1/run/runs/detect/val-2/val_batch0_labels.jpg,8d3f0f70789be05d5725a6617139e28669211c5bdeaa1d683f0fc70c76f3858d,455561
comparisons/dirty_to_clean/A-1/val_batch0_pred.jpg,A1/run/runs/detect/val-2/val_batch0_pred.jpg,d232c8c8618df563d973f5cbcb784b7307de4a9432c6873c2a673ee6c48ab27b,462692
comparisons/dirty_to_clean/A-1/val_batch1_labels.jpg,comparisons/A1_vs_A2/A-1/val_batch1_labels.jpg,26592bf08750e05d6e9128dbb990d57b1dc413f4234fd61fd46cf759f73a38a3,681406
comparisons/dirty_to_clean/A-1/val_batch1_pred.jpg,comparisons/A1_vs_A2/A-1/val_batch1_pred.jpg,f968eff985759a76363a3eef058e8a37b3a60480b316668e37e87555177af25a,690093
comparisons/dirty_to_clean/A-1/val_batch2_labels.jpg,comparisons/A1_vs_A2/A-1/val_batch2_labels.jpg,eae7e84f9275bb2ba70de2545bf446f50420d4ddbad8943fbaa07f9c54e1ecae,657192
comparisons/dirty_to_clean/A-1/val_batch2_pred.jpg,comparisons/A1_vs_A2/A-1/val_batch2_pred.jpg,8803a27a955f777fcffa72cf129f41d49f41564464b41288943eb078470bfa7c,663070
comparisons/dirty_to_clean/A-2/confusion_matrix.png,comparisons/A1_vs_A2/A-2/confusion_matrix.png,9296b620e505686748421ab4fd1ca5d086361b2b3ccb66f8d55e37a82898f728,365453
comparisons/dirty_to_clean/A-2/confusion_matrix_normalized.png,comparisons/A1_vs_A2/A-2/confusion_matrix_normalized.png,65ade745eda3ee6e72a18bb354a7f29a9617a46bcae8e5d47b016f7c585b6cda,396141
comparisons/dirty_to_clean/A-2/val_batch0_labels.jpg,A1/run/runs/detect/val-2/val_batch0_labels.jpg,8d3f0f70789be05d5725a6617139e28669211c5bdeaa1d683f0fc70c76f3858d,455561
comparisons/dirty_to_clean/A-2/val_batch0_pred.jpg,comparisons/A1_vs_A2/A-2/val_batch0_pred.jpg,420096a240c0a5586f8eed8a963457ff1ac95113e75eb5e4eab47d69ed3657d6,462175
comparisons/dirty_to_clean/A-2/val_batch1_labels.jpg,comparisons/A1_vs_A2/A-1/val_batch1_labels.jpg,26592bf08750e05d6e9128dbb990d57b1dc413f4234fd61fd46cf759f73a38a3,681406
comparisons/dirty_to_clean/A-2/val_batch1_pred.jpg,comparisons/A1_vs_A2/A-2/val_batch1_pred.jpg,8956a1912f4ff41f088e2146c7de7abc09fc2810219e06708e262e7e1645c337,687781
comparisons/dirty_to_clean/A-2/val_batch2_labels.jpg,comparisons/A1_vs_A2/A-1/val_batch2_labels.jpg,eae7e84f9275bb2ba70de2545bf446f50420d4ddbad8943fbaa07f9c54e1ecae,657192
comparisons/dirty_to_clean/A-2/val_batch2_pred.jpg,comparisons/A1_vs_A2/A-2/val_batch2_pred.jpg,a9393b7ecd6c89386696449ab3e3b291258f2c44dbc50cc89775abd7e545b506,666447
comparisons/dirty_to_clean/A-1/.ipynb_checkpoints/BoxF1_curve-checkpoint.png,comparisons/dirty_to_clean/A-1/BoxF1_curve.png,94cab10b20bc25685d1e51771e1a7281a24354623c6a26ace0acde79e023731c,385621
comparisons/dirty_to_clean/A-1/.ipynb_checkpoints/BoxP_curve-checkpoint.png,comparisons/dirty_to_clean/A-1/BoxP_curve.png,6c758cde46045669e6d6d0e651551351f8625853eba6c91d7b42431eac3c6d43,279384
comparisons/dirty_to_clean/A-1/.ipynb_checkpoints/BoxPR_curve-checkpoint.png,comparisons/dirty_to_clean/A-1/BoxPR_curve.png,4c2d59cd6ced7bedfd4682d92534f32df15dfb10ce3b672f684fde657bdb8536,311691
comparisons/dirty_to_clean/A-1/.ipynb_checkpoints/BoxR_curve-checkpoint.png,comparisons/dirty_to_clean/A-1/BoxR_curve.png,69b84c4a5d5312de706391b2fc92eb6c84a4d5487ef70a971eee7655c9e330f4,392864
comparisons/dirty_to_clean/A-1/.ipynb_checkpoints/confusion_matrix-checkpoint.png,comparisons/A1_vs_A2/A-1/confusion_matrix.png,1f2a7a65ca24198942421db225f13e263f0e5161f5093c15051da44a08c35d51,366188
comparisons/dirty_to_clean/A-1/.ipynb_checkpoints/confusion_matrix_normalized-checkpoint.png,comparisons/A1_vs_A2/A-1/confusion_matrix_normalized.png,315f745cdad72718a133ea39165273a4b15333d82dedce186938970f86586168,392715
comparisons/dirty_to_clean/A-1/.ipynb_checkpoints/val_batch0_labels-checkpoint.jpg,A1/run/runs/detect/val-2/val_batch0_labels.jpg,8d3f0f70789be05d5725a6617139e28669211c5bdeaa1d683f0fc70c76f3858d,455561
comparisons/dirty_to_clean/A-1/.ipynb_checkpoints/val_batch0_pred-checkpoint.jpg,A1/run/runs/detect/val-2/val_batch0_pred.jpg,d232c8c8618df563d973f5cbcb784b7307de4a9432c6873c2a673ee6c48ab27b,462692
comparisons/dirty_to_clean/A-1/.ipynb_checkpoints/val_batch1_labels-checkpoint.jpg,comparisons/A1_vs_A2/A-1/val_batch1_labels.jpg,26592bf08750e05d6e9128dbb990d57b1dc413f4234fd61fd46cf759f73a38a3,681406
comparisons/dirty_to_clean/A-1/.ipynb_checkpoints/val_batch1_pred-checkpoint.jpg,comparisons/A1_vs_A2/A-1/val_batch1_pred.jpg,f968eff985759a76363a3eef058e8a37b3a60480b316668e37e87555177af25a,690093
comparisons/dirty_to_clean/A-1/.ipynb_checkpoints/val_batch2_labels-checkpoint.jpg,comparisons/A1_vs_A2/A-1/val_batch2_labels.jpg,eae7e84f9275bb2ba70de2545bf446f50420d4ddbad8943fbaa07f9c54e1ecae,657192
comparisons/dirty_to_clean/A-1/.ipynb_checkpoints/val_batch2_pred-checkpoint.jpg,comparisons/A1_vs_A2/A-1/val_batch2_pred.jpg,8803a27a955f777fcffa72cf129f41d49f41564464b41288943eb078470bfa7c,663070
comparisons/dirty_to_clean/A-2/.ipynb_checkpoints/BoxPR_curve-checkpoint.png,comparisons/dirty_to_clean/A-2/BoxPR_curve.png,a140fcdbdedbeca9af2444c54d9fc8501a6a5d9c1225d96e6bf00d0cec2ac9c0,313878
comparisons/dirty_to_clean/A-2/.ipynb_checkpoints/confusion_matrix-checkpoint.png,comparisons/A1_vs_A2/A-2/confusion_matrix.png,9296b620e505686748421ab4fd1ca5d086361b2b3ccb66f8d55e37a82898f728,365453
comparisons/dirty_to_clean/A-2/.ipynb_checkpoints/confusion_matrix_normalized-checkpoint.png,comparisons/A1_vs_A2/A-2/confusion_matrix_normalized.png,65ade745eda3ee6e72a18bb354a7f29a9617a46bcae8e5d47b016f7c585b6cda,396141
comparisons/dirty_to_clean/A-2/.ipynb_checkpoints/val_batch0_labels-checkpoint.jpg,A1/run/runs/detect/val-2/val_batch0_labels.jpg,8d3f0f70789be05d5725a6617139e28669211c5bdeaa1d683f0fc70c76f3858d,455561
comparisons/dirty_to_clean/A-2/.ipynb_checkpoints/val_batch0_pred-checkpoint.jpg,comparisons/A1_vs_A2/A-2/val_batch0_pred.jpg,420096a240c0a5586f8eed8a963457ff1ac95113e75eb5e4eab47d69ed3657d6,462175
comparisons/dirty_to_clean/A-2/.ipynb_checkpoints/val_batch1_labels-checkpoint.jpg,comparisons/A1_vs_A2/A-1/val_batch1_labels.jpg,26592bf08750e05d6e9128dbb990d57b1dc413f4234fd61fd46cf759f73a38a3,681406
comparisons/dirty_to_clean/A-2/.ipynb_checkpoints/val_batch1_pred-checkpoint.jpg,comparisons/A1_vs_A2/A-2/val_batch1_pred.jpg,8956a1912f4ff41f088e2146c7de7abc09fc2810219e06708e262e7e1645c337,687781
comparisons/dirty_to_clean/A-2/.ipynb_checkpoints/val_batch2_labels-checkpoint.jpg,comparisons/A1_vs_A2/A-1/val_batch2_labels.jpg,eae7e84f9275bb2ba70de2545bf446f50420d4ddbad8943fbaa07f9c54e1ecae,657192
comparisons/dirty_to_clean/A-2/.ipynb_checkpoints/val_batch2_pred-checkpoint.jpg,comparisons/A1_vs_A2/A-2/val_batch2_pred.jpg,a9393b7ecd6c89386696449ab3e3b291258f2c44dbc50cc89775abd7e545b506,666447
shared/.ipynb_checkpoints/audit_model_a_errors-checkpoint.py,A2/audit_model_a_errors.py,90830349bd5f99a1eb38a573ef778f17d87c766dd2d48d6b7230bce69ea8d6ba,9219
shared/.ipynb_checkpoints/test-checkpoint.ipynb,shared/test.ipynb,122a8d71479db3f5e9266da97af1070d24e3b6d0cbab9210d977b63392d1dca1,30854888
shared/.ipynb_checkpoints/train_A2-checkpoint.py,A2/train_A2.py,9ea3b46636f208a832b7eea82cd23c3b3dae35de4385289c59bab4bc71cfae87,2901
shared/.ipynb_checkpoints/train_model_a-checkpoint.py,A1/train_model_a.py,cde89d990a29861c1832cf827293fb4c1d177f3101116863d4153b36ce56a424,2436
train_A2.py,A2/train_A2.py,9ea3b46636f208a832b7eea82cd23c3b3dae35de4385289c59bab4bc71cfae87,2901
train_model_a.py,A1/train_model_a.py,cde89d990a29861c1832cf827293fb4c1d177f3101116863d4153b36ce56a424,2436
data/recycle_dataset/notebooks/model_A/__pycache__/audit_model_a_errors.cpython-312.pyc,shared/__pycache__/audit_model_a_errors.cpython-312.pyc,4d7ebcb2eefb25c46688df98c4e7bae5b5a7845a78f3b47cbb39b56f0778096d,18026
data/recycle_dataset/notebooks/model_A/A-2_train.log,A2/A-2_train.log,0fb22dc931468fd5877807490c691f27f06a5a29ffd38d409c020960900c2dc7,3068262
data/recycle_dataset/notebooks/model_A/audit_A2_v1/cases.csv,A2/audit_A2_v1/cases.csv,dea8799eea3c188a95c9f6f994f198714ba47f43d08ff53a5cd96108424fea75,28078
data/recycle_dataset/notebooks/model_A/audit_A2_v1/previews/001_paper_contaminated_correct_dirty.jpg,A2/audit_A2_v1/previews/001_paper_contaminated_correct_dirty.jpg,08abf8f644c6d23b182366175efb56513a39be1816d2eb18cbba8f1d540507f2,81149
data/recycle_dataset/notebooks/model_A/audit_A2_v1/previews/002_paper_contaminated_correct_dirty.jpg,A2/audit_A2_v1/previews/002_paper_contaminated_correct_dirty.jpg,22914266a41e79849cf35140a71578330ae2b6877aa2ce128bfef629e210609b,86984
data/recycle_dataset/notebooks/model_A/audit_A2_v1/previews/003_paper_contaminated_correct_dirty.jpg,A2/audit_A2_v1/previews/003_paper_contaminated_correct_dirty.jpg,3f92d42a752782b630d4164754906856a7a55e3feaa7ee1284350e81f4410894,113554
data/recycle_dataset/notebooks/model_A/audit_A2_v1/previews/004_paper_contaminated_correct_dirty.jpg,A2/audit_A2_v1/previews/004_paper_contaminated_correct_dirty.jpg,8f459999ac4fbeb89b76001142140874b31100febe527259a4d077be6c56220f,123297
data/recycle_dataset/notebooks/model_A/audit_A2_v1/previews/005_paper_contaminated_correct_dirty.jpg,A2/audit_A2_v1/previews/005_paper_contaminated_correct_dirty.jpg,42a7a6df7731d4b84bc14ae0e856b74d420557880a70d9494f3975185ac5f773,108429
data/recycle_dataset/notebooks/model_A/audit_A2_v1/previews/006_paper_contaminated_correct_dirty.jpg,A2/audit_A2_v1/previews/006_paper_contaminated_correct_dirty.jpg,d1a700fce5c7ecb26c39d62428ea3b96e7eb11786228077e0940656e75a779bf,215397
data/recycle_dataset/notebooks/model_A/audit_A2_v1/previews/007_paper_contaminated_correct_dirty.jpg,A2/audit_A2_v1/previews/007_paper_contaminated_correct_dirty.jpg,4d9b8fc7c7655f850c141b3cd909e0965a2c65cf7635f301b558dfd2eba13f34,85832
data/recycle_dataset/notebooks/model_A/audit_A2_v1/previews/008_paper_contaminated_correct_dirty.jpg,A2/audit_A2_v1/previews/008_paper_contaminated_correct_dirty.jpg,65046ea5116630750968ae4b8eaf8f8b560cb2b1120a1c988621fb1aec024378,86604
data/recycle_dataset/notebooks/model_A/audit_A2_v1/previews/009_paper_contaminated_same_material_clean.jpg,A2/audit_A2_v1/previews/009_paper_contaminated_same_material_clean.jpg,9e7c7e8faa9c700c4a7704b8def98fa0dd9f35267187b0a45d3ee0418e4539ca,103778
data/recycle_dataset/notebooks/model_A/audit_A2_v1/previews/010_paper_contaminated_same_material_clean.jpg,A2/audit_A2_v1/previews/010_paper_contaminated_same_material_clean.jpg,b42af090084c26fa4ac0ad0581ffff05826adf9051d67bf8670b1dbf987bbd57,120994
data/recycle_dataset/notebooks/model_A/audit_A2_v1/previews/011_paper_contaminated_same_material_clean.jpg,A2/audit_A2_v1/previews/011_paper_contaminated_same_material_clean.jpg,8173b0c309d1e8edde8e46fa2050c7c821efa473b8b82f6df9105d85013afd3e,97641
data/recycle_dataset/notebooks/model_A/audit_A2_v1/previews/012_paper_contaminated_same_material_clean.jpg,A2/audit_A2_v1/previews/012_paper_contaminated_same_material_clean.jpg,e2a41b34cce78d651a7bc211e25aff7610533f18afa73e57331e7678c2683926,101071
data/recycle_dataset/notebooks/model_A/audit_A2_v1/previews/013_paper_contaminated_same_material_clean.jpg,A2/audit_A2_v1/previews/013_paper_contaminated_same_material_clean.jpg,8b5f933b146e935528eddd8b37f2549b502228d56cdca1e630c32a6f7ec00367,99082
data/recycle_dataset/notebooks/model_A/audit_A2_v1/previews/014_paper_contaminated_same_material_clean.jpg,A2/audit_A2_v1/previews/014_paper_contaminated_same_material_clean.jpg,8bc72ab600ea1a8e7985fda9b5c290727fe7170ad9173dc61a4520c7278ca72c,148239
data/recycle_dataset/notebooks/model_A/audit_A2_v1/previews/015_paper_contaminated_same_material_clean.jpg,A2/audit_A2_v1/previews/015_paper_contaminated_same_material_clean.jpg,ad3a9cc955a6995cb4d08171b45b9d1045322fc74869c5723de5ec4b915d47ff,115291
data/recycle_dataset/notebooks/model_A/audit_A2_v1/previews/016_paper_contaminated_same_material_clean.jpg,A2/audit_A2_v1/previews/016_paper_contaminated_same_material_clean.jpg,ee1d9483e69a68e4c39f6ebfc8f1db194259b3d318697ac6bef29bfb9e25e99f,130948
data/recycle_dataset/notebooks/model_A/audit_A2_v1/previews/017_can_contaminated_correct_dirty.jpg,A2/audit_A2_v1/previews/017_can_contaminated_correct_dirty.jpg,c36059741c5a78f97e35663d7fe44c77c53713829a1195430925d64a4b551320,69574
data/recycle_dataset/notebooks/model_A/audit_A2_v1/previews/018_can_contaminated_correct_dirty.jpg,A2/audit_A2_v1/previews/018_can_contaminated_correct_dirty.jpg,136a09321789960d5f30dce2b673b02b89dcdf6f34fa08d77b3934d7d6f5a6ea,116450
data/recycle_dataset/notebooks/model_A/audit_A2_v1/previews/019_can_contaminated_correct_dirty.jpg,A2/audit_A2_v1/previews/019_can_contaminated_correct_dirty.jpg,9b3eedf4a746b7efc285f04eaaa605486915daf8ff8825d9270aada6c45de9ee,86647
data/recycle_dataset/notebooks/model_A/audit_A2_v1/previews/020_can_contaminated_correct_dirty.jpg,A2/audit_A2_v1/previews/020_can_contaminated_correct_dirty.jpg,86db4ac1f01e46945024d304ca83bf54887b84c2de93b02400b57de9ec6cf5ae,86274
data/recycle_dataset/notebooks/model_A/audit_A2_v1/previews/021_can_contaminated_correct_dirty.jpg,A2/audit_A2_v1/previews/021_can_contaminated_correct_dirty.jpg,5df51d10db19a9408fd0fd0e87ce704a82457a800bcca5950bd7e6935a69d6b5,113150
data/recycle_dataset/notebooks/model_A/audit_A2_v1/previews/022_can_contaminated_correct_dirty.jpg,A2/audit_A2_v1/previews/022_can_contaminated_correct_dirty.jpg,5c65a4ee8231ca682700eec9320d20b739a7d11ac59993d1d5338f02c707e167,89108
data/recycle_dataset/notebooks/model_A/audit_A2_v1/previews/023_can_contaminated_correct_dirty.jpg,A2/audit_A2_v1/previews/023_can_contaminated_correct_dirty.jpg,2fa1ada136918fe08f528ed80514e5e56ab63247fb46b9619665e786350a3763,87548
data/recycle_dataset/notebooks/model_A/audit_A2_v1/previews/024_can_contaminated_correct_dirty.jpg,A2/audit_A2_v1/previews/024_can_contaminated_correct_dirty.jpg,f03b0df27decf02b87cb1edce2387f4d3fee911ac5ad6851bb12c7001fa41ba2,96612
data/recycle_dataset/notebooks/model_A/audit_A2_v1/previews/025_can_contaminated_same_material_clean.jpg,A2/audit_A2_v1/previews/025_can_contaminated_same_material_clean.jpg,ff710a821327187d2dab2b1c8ce626f25ac723c3ece6f89159c9e654b9316bec,131588
data/recycle_dataset/notebooks/model_A/audit_A2_v1/previews/026_can_contaminated_same_material_clean.jpg,A2/audit_A2_v1/previews/026_can_contaminated_same_material_clean.jpg,62fb9fee5e672da69635224943855cc4a8b5c41fbd543456abdf46b35e0993ac,133755
data/recycle_dataset/notebooks/model_A/audit_A2_v1/previews/027_can_contaminated_same_material_clean.jpg,A2/audit_A2_v1/previews/027_can_contaminated_same_material_clean.jpg,94539c82bf227fa83270839c22b942a2d1eff80a16bcebceccffd7a0ce751a04,102313
data/recycle_dataset/notebooks/model_A/audit_A2_v1/previews/028_can_contaminated_same_material_clean.jpg,A2/audit_A2_v1/previews/028_can_contaminated_same_material_clean.jpg,2750b1aec4a6f09c47afc5916d3f90df41d0dee53230c3f6cc814747e6fa139b,146188
data/recycle_dataset/notebooks/model_A/audit_A2_v1/previews/029_can_contaminated_same_material_clean.jpg,A2/audit_A2_v1/previews/029_can_contaminated_same_material_clean.jpg,9f5932c858f081ccd44e46d25ff07febf125a34124c9d93c5950fa376792ef78,175557
data/recycle_dataset/notebooks/model_A/audit_A2_v1/previews/030_can_contaminated_same_material_clean.jpg,A2/audit_A2_v1/previews/030_can_contaminated_same_material_clean.jpg,4a834fd2ae06aa03473478de46760e7f5d2154ace0b91c3cf94cee5a50103cde,124921
data/recycle_dataset/notebooks/model_A/audit_A2_v1/previews/031_can_contaminated_other_material_clean.jpg,A2/audit_A2_v1/previews/031_can_contaminated_other_material_clean.jpg,a6b4b90e8126d27801c391e92a91a6e577c38f7cdf8fa1f32920bfd25019d039,161158
data/recycle_dataset/notebooks/model_A/audit_A2_v1/previews/032_can_contaminated_same_material_clean.jpg,A2/audit_A2_v1/previews/032_can_contaminated_same_material_clean.jpg,db463656b2cec1afee6a179e00d8ba45635894756c2196be585fc2aaa433780d,224716
data/recycle_dataset/notebooks/model_A/audit_A2_v1/previews/033_pet_contaminated_correct_dirty.jpg,A2/audit_A2_v1/previews/033_pet_contaminated_correct_dirty.jpg,0d0534f024023dd6df112a5228210e3c96bceb84849b81e89f9e2a98324892fc,69586
data/recycle_dataset/notebooks/model_A/audit_A2_v1/previews/034_pet_contaminated_correct_dirty.jpg,A2/audit_A2_v1/previews/034_pet_contaminated_correct_dirty.jpg,3c34ae04c49d6196f8348827672ba98b1b385390327d1c25bcf036e96ce05ae1,74573
data/recycle_dataset/notebooks/model_A/audit_A2_v1/previews/035_pet_contaminated_correct_dirty.jpg,A2/audit_A2_v1/previews/035_pet_contaminated_correct_dirty.jpg,187ba6ae300689f1dd1f08c901e32435358e241fad3ae1c30fb7f09953524cec,116809
data/recycle_dataset/notebooks/model_A/audit_A2_v1/previews/036_pet_contaminated_correct_dirty.jpg,A2/audit_A2_v1/previews/036_pet_contaminated_correct_dirty.jpg,0f8880734b1bc15cea5db2cdf3e9d88632ae649f9e09eb177f069bd690b5deca,79720
data/recycle_dataset/notebooks/model_A/audit_A2_v1/previews/037_pet_contaminated_correct_dirty.jpg,A2/audit_A2_v1/previews/037_pet_contaminated_correct_dirty.jpg,31d6420dc787d81b875f91d5a4a85fd04593fa39bb8682f76f131d7ae0735107,190448
data/recycle_dataset/notebooks/model_A/audit_A2_v1/previews/038_pet_contaminated_correct_dirty.jpg,A2/audit_A2_v1/previews/038_pet_contaminated_correct_dirty.jpg,aa1b24e3b078585ddf974b94e9d42e6f6bd5c6cc3fa67ca338361437d005e2e8,85862
data/recycle_dataset/notebooks/model_A/audit_A2_v1/previews/039_pet_contaminated_correct_dirty.jpg,A2/audit_A2_v1/previews/039_pet_contaminated_correct_dirty.jpg,8694d346a21f08ecc066ff2e6402a26e94b68bf364823869c75ee69fc82a135d,70657
data/recycle_dataset/notebooks/model_A/audit_A2_v1/previews/040_pet_contaminated_correct_dirty.jpg,A2/audit_A2_v1/previews/040_pet_contaminated_correct_dirty.jpg,55ab9becd7e144c072c13c07782f19f16d5467a85ac212a6a8d1db4c4138e99f,71670
data/recycle_dataset/notebooks/model_A/audit_A2_v1/previews/041_pet_contaminated_other_material_clean.jpg,A2/audit_A2_v1/previews/041_pet_contaminated_other_material_clean.jpg,5f6acb44c3dacef8e5d2b182d12eb10b68aee34e306b4e167fabe43ca28f3d2e,109186
data/recycle_dataset/notebooks/model_A/audit_A2_v1/previews/042_pet_contaminated_same_material_clean.jpg,A2/audit_A2_v1/previews/042_pet_contaminated_same_material_clean.jpg,ea1203375c9065a75f28a18a1618a5f9e84ab6c0308ee8eb6a7f062bbae5e996,161458
data/recycle_dataset/notebooks/model_A/audit_A2_v1/previews/043_pet_contaminated_same_material_clean.jpg,A2/audit_A2_v1/previews/043_pet_contaminated_same_material_clean.jpg,692ea0235dfef296155f297eff573543ca50f50d78d3b325b0f2bcb60419962f,94531
data/recycle_dataset/notebooks/model_A/audit_A2_v1/previews/044_pet_contaminated_same_material_clean.jpg,A2/audit_A2_v1/previews/044_pet_contaminated_same_material_clean.jpg,18c34b07637d9cd1de2cefea2c48c5150fbf52cff8cb17916a528ea42fad7f6c,121720
data/recycle_dataset/notebooks/model_A/audit_A2_v1/previews/045_pet_contaminated_same_material_clean.jpg,A2/audit_A2_v1/previews/045_pet_contaminated_same_material_clean.jpg,26b9cbdbe362d4ac1c4cfe5ff068334cb7cdcaf260cb14ec636974965b2315a1,116616
data/recycle_dataset/notebooks/model_A/audit_A2_v1/previews/046_pet_contaminated_same_material_clean.jpg,A2/audit_A2_v1/previews/046_pet_contaminated_same_material_clean.jpg,1b8a7b01c4b5cdb8bb3351aaf4cf725575eca5fd11792788e161e57578ae6042,129699
data/recycle_dataset/notebooks/model_A/audit_A2_v1/previews/047_pet_contaminated_same_material_clean.jpg,A2/audit_A2_v1/previews/047_pet_contaminated_same_material_clean.jpg,af90f10a90ce7e38ae11a5bff64308e45dbb7b0eb3a44c9033e9092540c56ec2,223241
data/recycle_dataset/notebooks/model_A/audit_A2_v1/previews/048_pet_contaminated_same_material_clean.jpg,A2/audit_A2_v1/previews/048_pet_contaminated_same_material_clean.jpg,a48be0608b92dbff53a18f5416fc1c4f68f331bd5d479092939119986375ab94,105173
data/recycle_dataset/notebooks/model_A/audit_A2_v1/previews/049_glass_contaminated_correct_dirty.jpg,A2/audit_A2_v1/previews/049_glass_contaminated_correct_dirty.jpg,e1c05eaef51604d59407e742111c5bf78e4126acc36bbc4dcea5c93dd012f62b,49001
data/recycle_dataset/notebooks/model_A/audit_A2_v1/previews/050_glass_contaminated_correct_dirty.jpg,A2/audit_A2_v1/previews/050_glass_contaminated_correct_dirty.jpg,045d3b5a4b0cfc97fb4c6bd011e9c74707be18f119cfd38ae19d3417632aaa4e,70680
data/recycle_dataset/notebooks/model_A/audit_A2_v1/previews/051_glass_contaminated_correct_dirty.jpg,A2/audit_A2_v1/previews/051_glass_contaminated_correct_dirty.jpg,4c82fd4d4719715ebbcee446efefe6663f57381f647e856ddc750634cfb3d795,66865
data/recycle_dataset/notebooks/model_A/audit_A2_v1/previews/052_glass_contaminated_correct_dirty.jpg,A2/audit_A2_v1/previews/052_glass_contaminated_correct_dirty.jpg,8eb4cbadb99745ddd2ff4ae1431b8e521d46992948ecdff1f3b96746cf2e9f89,63036
data/recycle_dataset/notebooks/model_A/audit_A2_v1/previews/053_glass_contaminated_correct_dirty.jpg,A2/audit_A2_v1/previews/053_glass_contaminated_correct_dirty.jpg,b4965b8a6839ee1e51186425178f42a6bb07c9c95dcb235006a89d3f4ac6607d,273830
data/recycle_dataset/notebooks/model_A/audit_A2_v1/previews/054_glass_contaminated_correct_dirty.jpg,A2/audit_A2_v1/previews/054_glass_contaminated_correct_dirty.jpg,45f86b964e473f85504cfe5039872358a4d33d575b4db3d8179b100777179b01,221742
data/recycle_dataset/notebooks/model_A/audit_A2_v1/previews/055_glass_contaminated_correct_dirty.jpg,A2/audit_A2_v1/previews/055_glass_contaminated_correct_dirty.jpg,9be3381d77091b7095e396e20722c3dac173e826169fba71a860f362c1c86c37,55938
data/recycle_dataset/notebooks/model_A/audit_A2_v1/previews/056_glass_contaminated_correct_dirty.jpg,A2/audit_A2_v1/previews/056_glass_contaminated_correct_dirty.jpg,81c0c9d1c6397aa18f8222e857852fe4890340952b035ffa71eda79cc613f0eb,145445
data/recycle_dataset/notebooks/model_A/audit_A2_v1/previews/057_glass_contaminated_same_material_clean.jpg,A2/audit_A2_v1/previews/057_glass_contaminated_same_material_clean.jpg,6045d618aa3a2ba3400ab96e84fb7b65edcbe756cd7da6e7c92bf54250eacf12,100791
data/recycle_dataset/notebooks/model_A/audit_A2_v1/previews/058_glass_contaminated_same_material_clean.jpg,A2/audit_A2_v1/previews/058_glass_contaminated_same_material_clean.jpg,f9ec7b848c862197b7821c613fb4e2440995f1d98f07f10e2b3a5ce03e12fa83,97039
data/recycle_dataset/notebooks/model_A/audit_A2_v1/previews/059_glass_contaminated_same_material_clean.jpg,A2/audit_A2_v1/previews/059_glass_contaminated_same_material_clean.jpg,407d5c9fea3784f8356988641246211ca563c08775b1e524ffc635e39114a559,109526
data/recycle_dataset/notebooks/model_A/audit_A2_v1/previews/060_glass_contaminated_other_material_clean.jpg,A2/audit_A2_v1/previews/060_glass_contaminated_other_material_clean.jpg,8726c64833f26a31a0bfd4dfa3c30190dfa64010b6814e450ba2af4d386c3836,247581
data/recycle_dataset/notebooks/model_A/audit_A2_v1/previews/061_glass_contaminated_same_material_clean.jpg,A2/audit_A2_v1/previews/061_glass_contaminated_same_material_clean.jpg,69f5c9d713a25fda5a8a36544013c47536f36fa27e22f060c5d8a2264aeb6177,192138
data/recycle_dataset/notebooks/model_A/audit_A2_v1/previews/062_glass_contaminated_same_material_clean.jpg,A2/audit_A2_v1/previews/062_glass_contaminated_same_material_clean.jpg,4858f3ef83d2b44a90e473962fba4fa3190235f5803f6987ae74cae61a909859,66249
data/recycle_dataset/notebooks/model_A/audit_A2_v1/previews/063_glass_contaminated_same_material_clean.jpg,A2/audit_A2_v1/previews/063_glass_contaminated_same_material_clean.jpg,932f696671860d27e22fd827a7eeccd147466767ee20a16c0e334b583e8d7037,124451
data/recycle_dataset/notebooks/model_A/audit_A2_v1/previews/064_glass_contaminated_same_material_clean.jpg,A2/audit_A2_v1/previews/064_glass_contaminated_same_material_clean.jpg,ffc0da4ede9e79194643e6a61e009f4e9d6753be283203322b9e51bd16628ed0,73713
data/recycle_dataset/notebooks/model_A/audit_A2_v1/previews/065_plastic_contaminated_correct_dirty.jpg,A2/audit_A2_v1/previews/065_plastic_contaminated_correct_dirty.jpg,12ad74cee9ff2967bb0384dcbfa3deeff501181570c4f3112abbfc473ca65062,82000
data/recycle_dataset/notebooks/model_A/audit_A2_v1/previews/066_plastic_contaminated_correct_dirty.jpg,A2/audit_A2_v1/previews/066_plastic_contaminated_correct_dirty.jpg,457fa118f0368e357f7bfc881cfea69003a5c0bd87e38157291c0229b1e8122a,94340
data/recycle_dataset/notebooks/model_A/audit_A2_v1/previews/067_plastic_contaminated_correct_dirty.jpg,A2/audit_A2_v1/previews/067_plastic_contaminated_correct_dirty.jpg,d2ef458440b89cb2a83bdb8e33b9146321a8012fdaf662d59a2519118897597a,191289
data/recycle_dataset/notebooks/model_A/audit_A2_v1/previews/068_plastic_contaminated_correct_dirty.jpg,A2/audit_A2_v1/previews/068_plastic_contaminated_correct_dirty.jpg,206146b1a27ec8f9d9cc71cbbd9748b6e3980177a7ca278d652fe24bc9bb30c2,92867
data/recycle_dataset/notebooks/model_A/audit_A2_v1/previews/069_plastic_contaminated_correct_dirty.jpg,A2/audit_A2_v1/previews/069_plastic_contaminated_correct_dirty.jpg,390ec739ebed045c0b254da026a1aec5325442b1e0fa25e55596bf6ebd29728d,100264
data/recycle_dataset/notebooks/model_A/audit_A2_v1/previews/070_plastic_contaminated_correct_dirty.jpg,A2/audit_A2_v1/previews/070_plastic_contaminated_correct_dirty.jpg,c84546fea6c1f03300d172a9c83bfd65f977221b8e800b16078d9135727379ce,103335
data/recycle_dataset/notebooks/model_A/audit_A2_v1/previews/071_plastic_contaminated_correct_dirty.jpg,A2/audit_A2_v1/previews/071_plastic_contaminated_correct_dirty.jpg,7823cf723e3a72193706a23b6cd20a63a2062f708996ab3f786a50756b2f7a47,102589
data/recycle_dataset/notebooks/model_A/audit_A2_v1/previews/072_plastic_contaminated_correct_dirty.jpg,A2/audit_A2_v1/previews/072_plastic_contaminated_correct_dirty.jpg,b857195c59750e7221bf71ec6e22b1f87a7f4917116ca9a3a2da92a6fcf305a8,112145
data/recycle_dataset/notebooks/model_A/audit_A2_v1/previews/073_plastic_contaminated_same_material_clean.jpg,A2/audit_A2_v1/previews/073_plastic_contaminated_same_material_clean.jpg,b29daa1770e724c85f777cc53475b213f7f1f4a6d194be2f694d27bb4d58b15f,162731
data/recycle_dataset/notebooks/model_A/audit_A2_v1/previews/074_plastic_contaminated_other_material_clean.jpg,A2/audit_A2_v1/previews/074_plastic_contaminated_other_material_clean.jpg,602fb88cbfe529d4a4d65e697a93bbefa3762f15bc8eb5bb5eb4fcd0fa77f8aa,130054
data/recycle_dataset/notebooks/model_A/audit_A2_v1/previews/075_plastic_contaminated_other_material_clean.jpg,A2/audit_A2_v1/previews/075_plastic_contaminated_other_material_clean.jpg,eb2bc5eec01eeb9d849317f711f294f01291e0524020320a1de6510fc8dd4ec9,88237
data/recycle_dataset/notebooks/model_A/audit_A2_v1/previews/076_plastic_contaminated_other_material_clean.jpg,A2/audit_A2_v1/previews/076_plastic_contaminated_other_material_clean.jpg,b9a863dff505c1693286e659732b516328988259d51ae79cd252a77304e55174,83698
data/recycle_dataset/notebooks/model_A/audit_A2_v1/previews/077_plastic_contaminated_same_material_clean.jpg,A2/audit_A2_v1/previews/077_plastic_contaminated_same_material_clean.jpg,e060b2d15fc9e0355d7a0f62bca15c0b327dadb43e2d02d6eafbc9c777c1bb80,98523
data/recycle_dataset/notebooks/model_A/audit_A2_v1/previews/078_plastic_contaminated_same_material_clean.jpg,A2/audit_A2_v1/previews/078_plastic_contaminated_same_material_clean.jpg,57ae08ad46b0fc49d3da0a5bf9aa5c2e73217d5aad54a02933e04b73c616284a,202352
data/recycle_dataset/notebooks/model_A/audit_A2_v1/previews/079_plastic_contaminated_same_material_clean.jpg,A2/audit_A2_v1/previews/079_plastic_contaminated_same_material_clean.jpg,b6ca222301d9e917fc122be28067dadb7a613aa6ff0233e9a8ea5e492d12121c,112636
data/recycle_dataset/notebooks/model_A/audit_A2_v1/previews/080_plastic_contaminated_other_material_clean.jpg,A2/audit_A2_v1/previews/080_plastic_contaminated_other_material_clean.jpg,49e6dae7ffec3f4e077f33eaebefc8ae3cf3bcc3259bf11a25b66166b4bf08a5,122398
data/recycle_dataset/notebooks/model_A/audit_A2_v1/previews/081_vinyl_contaminated_correct_dirty.jpg,A2/audit_A2_v1/previews/081_vinyl_contaminated_correct_dirty.jpg,34e47377efd95934b6b16e4aa9fb746b1cca693b6568085785dd7455ec0ed07f,59219
data/recycle_dataset/notebooks/model_A/audit_A2_v1/previews/082_vinyl_contaminated_correct_dirty.jpg,A2/audit_A2_v1/previews/082_vinyl_contaminated_correct_dirty.jpg,96f339c0d4186e55741d48a12bf5a27f77fa98a6661287cce8b83a40a53b2434,62574
data/recycle_dataset/notebooks/model_A/audit_A2_v1/previews/083_vinyl_contaminated_correct_dirty.jpg,A2/audit_A2_v1/previews/083_vinyl_contaminated_correct_dirty.jpg,aa50f4672fbc6c7629215006d0ac4e9a69f92271c9d05a5c42437abb6e85b7bf,204235
data/recycle_dataset/notebooks/model_A/audit_A2_v1/previews/084_vinyl_contaminated_correct_dirty.jpg,A2/audit_A2_v1/previews/084_vinyl_contaminated_correct_dirty.jpg,5e9a23c9c7900b81530f5272feb0f6ee2ba5cdaf795682153950f0acd4e55f7c,60348
data/recycle_dataset/notebooks/model_A/audit_A2_v1/previews/085_vinyl_contaminated_correct_dirty.jpg,A2/audit_A2_v1/previews/085_vinyl_contaminated_correct_dirty.jpg,3eb903f809997d067ec614ff062294e454330853cca85ec96bc844d788ecd7f6,95365
data/recycle_dataset/notebooks/model_A/audit_A2_v1/previews/086_vinyl_contaminated_correct_dirty.jpg,A2/audit_A2_v1/previews/086_vinyl_contaminated_correct_dirty.jpg,8ef3bf92e0dffe793524996b9872aeb1324cc9e424a5862331dea42450125099,64685
data/recycle_dataset/notebooks/model_A/audit_A2_v1/previews/087_vinyl_contaminated_correct_dirty.jpg,A2/audit_A2_v1/previews/087_vinyl_contaminated_correct_dirty.jpg,4b45ac6ababefc2bda36f05bad5d6f5974a88522de9bec9162bc66af1b41316d,62240
data/recycle_dataset/notebooks/model_A/audit_A2_v1/previews/088_vinyl_contaminated_correct_dirty.jpg,A2/audit_A2_v1/previews/088_vinyl_contaminated_correct_dirty.jpg,16c8519c9fead576293e8562983d7f5564a0a7e78ed5cec6f3b127cc1ccbbfe4,62334
data/recycle_dataset/notebooks/model_A/audit_A2_v1/previews/089_vinyl_contaminated_same_material_clean.jpg,A2/audit_A2_v1/previews/089_vinyl_contaminated_same_material_clean.jpg,a3c1b0fb6088d18d6448a31f19fc39d2e3e37dd59b031256c9ad789ec04c8cf2,86769
data/recycle_dataset/notebooks/model_A/audit_A2_v1/previews/090_vinyl_contaminated_same_material_clean.jpg,A2/audit_A2_v1/previews/090_vinyl_contaminated_same_material_clean.jpg,184f95d97fde2541ea6ae09a5c02f2b24468ad54a3a9b69b8a8b36e06c7c28fa,156463
data/recycle_dataset/notebooks/model_A/audit_A2_v1/previews/091_vinyl_contaminated_same_material_clean.jpg,A2/audit_A2_v1/previews/091_vinyl_contaminated_same_material_clean.jpg,a4df66931447cc3f2ac796d5b55646bf8342d06836bed0a27f1727e415b3a601,158429
data/recycle_dataset/notebooks/model_A/audit_A2_v1/previews/092_vinyl_contaminated_same_material_clean.jpg,A2/audit_A2_v1/previews/092_vinyl_contaminated_same_material_clean.jpg,663830b378d154c6acd6ceb412a88e887111ad7104083118461ee89b50e3e511,117543
data/recycle_dataset/notebooks/model_A/audit_A2_v1/previews/093_vinyl_contaminated_same_material_clean.jpg,A2/audit_A2_v1/previews/093_vinyl_contaminated_same_material_clean.jpg,f744d08e1c728f80af5f4b294198d268e567cecd7e2c3fbd7d1cb31361cefb8e,161089
data/recycle_dataset/notebooks/model_A/audit_A2_v1/previews/094_vinyl_contaminated_same_material_clean.jpg,A2/audit_A2_v1/previews/094_vinyl_contaminated_same_material_clean.jpg,1b1a1e6b739b50f31fa424dc8be264c38f8735525315f7f91832953f56236c22,75160
data/recycle_dataset/notebooks/model_A/audit_A2_v1/previews/095_vinyl_contaminated_same_material_clean.jpg,A2/audit_A2_v1/previews/095_vinyl_contaminated_same_material_clean.jpg,d44011ca6cd9bc3e6e0342770d3b89fde6a831f90fca9aa7edd2109f5eb0d462,81273
data/recycle_dataset/notebooks/model_A/audit_A2_v1/previews/096_vinyl_contaminated_same_material_clean.jpg,A2/audit_A2_v1/previews/096_vinyl_contaminated_same_material_clean.jpg,357cc69da5725c8e11f96f78b4038d32c95f2a1f40f48baae0abee7fcae2f091,92745
data/recycle_dataset/notebooks/model_A/audit_A2_v1/previews/097_styrofoam_contaminated_correct_dirty.jpg,A2/audit_A2_v1/previews/097_styrofoam_contaminated_correct_dirty.jpg,d26a0fc9a662ead151ffed32573a23425faff670a368d1c420d73e1449d19139,70918
data/recycle_dataset/notebooks/model_A/audit_A2_v1/previews/098_styrofoam_contaminated_correct_dirty.jpg,A2/audit_A2_v1/previews/098_styrofoam_contaminated_correct_dirty.jpg,62e11ceab3e9b56e96b59569631689d5941d7c83b7b8db1e0d5850be097005fb,68020
data/recycle_dataset/notebooks/model_A/audit_A2_v1/previews/099_styrofoam_contaminated_correct_dirty.jpg,A2/audit_A2_v1/previews/099_styrofoam_contaminated_correct_dirty.jpg,789fcd4e223330198e5d39e1ac574de57492deb4fe61ef6f48e50dbca067130b,75661
data/recycle_dataset/notebooks/model_A/audit_A2_v1/previews/100_styrofoam_contaminated_correct_dirty.jpg,A2/audit_A2_v1/previews/100_styrofoam_contaminated_correct_dirty.jpg,64b09af74a2b00e1802197587e86fe72aed4a0749d53714dd2e152aceed3140a,72423
data/recycle_dataset/notebooks/model_A/audit_A2_v1/previews/101_styrofoam_contaminated_correct_dirty.jpg,A2/audit_A2_v1/previews/101_styrofoam_contaminated_correct_dirty.jpg,c35ffdf2f730cec597daa55d3a5ce7f8192aee8b1542374cc1b134f29cd71b44,72388
data/recycle_dataset/notebooks/model_A/audit_A2_v1/previews/102_styrofoam_contaminated_correct_dirty.jpg,A2/audit_A2_v1/previews/102_styrofoam_contaminated_correct_dirty.jpg,116f0d346d6bbc9c0f573da90f8388cece0cb536960b974fd743134b0e4065e4,78281
data/recycle_dataset/notebooks/model_A/audit_A2_v1/previews/103_styrofoam_contaminated_correct_dirty.jpg,A2/audit_A2_v1/previews/103_styrofoam_contaminated_correct_dirty.jpg,6a43f298211bae0d18c8231ce7aff3ded3237198db3c8556823ca21ba0a3997d,81099
data/recycle_dataset/notebooks/model_A/audit_A2_v1/previews/104_styrofoam_contaminated_correct_dirty.jpg,A2/audit_A2_v1/previews/104_styrofoam_contaminated_correct_dirty.jpg,beadec50dba961158d8a63e6408e0c28eff89a6d3f500817ff15760748cd516a,73474
data/recycle_dataset/notebooks/model_A/audit_A2_v1/previews/105_styrofoam_contaminated_same_material_clean.jpg,A2/audit_A2_v1/previews/105_styrofoam_contaminated_same_material_clean.jpg,54f4ba5791a39f1d3bab82e788034aad98783801a4b3bf87adf5895299f5d81d,126018
data/recycle_dataset/notebooks/model_A/audit_A2_v1/previews/106_styrofoam_contaminated_same_material_clean.jpg,A2/audit_A2_v1/previews/106_styrofoam_contaminated_same_material_clean.jpg,eb5b0468bf368ca9e957a465901cf63c193b2610ad59cae8e0e0d7238b8f88fe,73790
data/recycle_dataset/notebooks/model_A/audit_A2_v1/previews/107_styrofoam_contaminated_same_material_clean.jpg,A2/audit_A2_v1/previews/107_styrofoam_contaminated_same_material_clean.jpg,95004194e62ca2d4e192ee3c82df2175c5b6058413531de7fea81f387f93783b,99039
data/recycle_dataset/notebooks/model_A/audit_A2_v1/previews/108_styrofoam_contaminated_same_material_clean.jpg,A2/audit_A2_v1/previews/108_styrofoam_contaminated_same_material_clean.jpg,5a5b6da1097b4910f673cd3e8c8486e27cc46bcd96c2a2af3ec590b1a97df462,209577
data/recycle_dataset/notebooks/model_A/audit_A2_v1/previews/109_styrofoam_contaminated_same_material_clean.jpg,A2/audit_A2_v1/previews/109_styrofoam_contaminated_same_material_clean.jpg,6119857bb93c7106214826881261033ea69f2b30940b045d870a07987a259783,211824
data/recycle_dataset/notebooks/model_A/audit_A2_v1/previews/110_styrofoam_contaminated_same_material_clean.jpg,A2/audit_A2_v1/previews/110_styrofoam_contaminated_same_material_clean.jpg,3bb3dbd7e35efa192c53e1fc83e053de5952e31d9af732cb5df900f3489e3d08,130131
data/recycle_dataset/notebooks/model_A/audit_A2_v1/samples.zip,A2/audit_A2_v1/samples.zip,aee146a67b1f0c6cdad6956aa96ad39251a310eefce1f8b5f6aef190716fd1d6,12032287
data/recycle_dataset/notebooks/model_A/audit_A2_v1/summary.txt,A2/audit_A2_v1/summary.txt,b4db28492a4365a3adccbfbcab3a12375c01efa4a82afa4b74c4cdbbe601d704,1534
data/recycle_dataset/notebooks/model_A/audit_model_a_errors.py,A2/audit_model_a_errors.py,90830349bd5f99a1eb38a573ef778f17d87c766dd2d48d6b7230bce69ea8d6ba,9219
data/recycle_dataset/notebooks/model_A/runs/comparison_A1_A2/A-1/BoxF1_curve.png,comparisons/A1_vs_A2/A-1/BoxF1_curve.png,b2e5e033089c72b9eee3a7f5a0cf13b4796574ecf91c6e2f2d65922598c0b406,470745
data/recycle_dataset/notebooks/model_A/runs/comparison_A1_A2/A-1/BoxP_curve.png,comparisons/A1_vs_A2/A-1/BoxP_curve.png,3ed65cf7aa0a3ce6257e19f7d8953841286852a8c0f518cb5eb177c54dd18b51,376339
data/recycle_dataset/notebooks/model_A/runs/comparison_A1_A2/A-1/BoxPR_curve.png,comparisons/A1_vs_A2/A-1/BoxPR_curve.png,f6a2553d86e1476cc7f659601374ddb10ff51cae458d5d0c4c3f38e193cc4976,357978
data/recycle_dataset/notebooks/model_A/runs/comparison_A1_A2/A-1/BoxR_curve.png,comparisons/A1_vs_A2/A-1/BoxR_curve.png,e3c813aab3485e1b1a82f46833ed701a4e3da2ff8394ef4af1e744d4091a4d9a,429150
data/recycle_dataset/notebooks/model_A/runs/comparison_A1_A2/A-1/confusion_matrix.png,comparisons/A1_vs_A2/A-1/confusion_matrix.png,1f2a7a65ca24198942421db225f13e263f0e5161f5093c15051da44a08c35d51,366188
data/recycle_dataset/notebooks/model_A/runs/comparison_A1_A2/A-1/confusion_matrix_normalized.png,comparisons/A1_vs_A2/A-1/confusion_matrix_normalized.png,315f745cdad72718a133ea39165273a4b15333d82dedce186938970f86586168,392715
data/recycle_dataset/notebooks/model_A/runs/comparison_A1_A2/A-1/val_batch0_labels.jpg,A1/run/runs/detect/val-2/val_batch0_labels.jpg,8d3f0f70789be05d5725a6617139e28669211c5bdeaa1d683f0fc70c76f3858d,455561
data/recycle_dataset/notebooks/model_A/runs/comparison_A1_A2/A-1/val_batch0_pred.jpg,A1/run/runs/detect/val-2/val_batch0_pred.jpg,d232c8c8618df563d973f5cbcb784b7307de4a9432c6873c2a673ee6c48ab27b,462692
data/recycle_dataset/notebooks/model_A/runs/comparison_A1_A2/A-1/val_batch1_labels.jpg,comparisons/A1_vs_A2/A-1/val_batch1_labels.jpg,26592bf08750e05d6e9128dbb990d57b1dc413f4234fd61fd46cf759f73a38a3,681406
data/recycle_dataset/notebooks/model_A/runs/comparison_A1_A2/A-1/val_batch1_pred.jpg,comparisons/A1_vs_A2/A-1/val_batch1_pred.jpg,f968eff985759a76363a3eef058e8a37b3a60480b316668e37e87555177af25a,690093
data/recycle_dataset/notebooks/model_A/runs/comparison_A1_A2/A-1/val_batch2_labels.jpg,comparisons/A1_vs_A2/A-1/val_batch2_labels.jpg,eae7e84f9275bb2ba70de2545bf446f50420d4ddbad8943fbaa07f9c54e1ecae,657192
data/recycle_dataset/notebooks/model_A/runs/comparison_A1_A2/A-1/val_batch2_pred.jpg,comparisons/A1_vs_A2/A-1/val_batch2_pred.jpg,8803a27a955f777fcffa72cf129f41d49f41564464b41288943eb078470bfa7c,663070
data/recycle_dataset/notebooks/model_A/runs/comparison_A1_A2/A-2/BoxF1_curve.png,comparisons/A1_vs_A2/A-2/BoxF1_curve.png,4efb44105e457b3df942466b51613564bb8437a5e30ef9d7c6d22f70454be692,473014
data/recycle_dataset/notebooks/model_A/runs/comparison_A1_A2/A-2/BoxP_curve.png,comparisons/A1_vs_A2/A-2/BoxP_curve.png,4bf107035df3be04b29ca9a6c9e4a8fdb5044ceb8ea370c0c5c0782dba5a95da,382050
data/recycle_dataset/notebooks/model_A/runs/comparison_A1_A2/A-2/BoxPR_curve.png,comparisons/A1_vs_A2/A-2/BoxPR_curve.png,3355ee33a1dae86e257491c3a4330ec33c98de381e98019e063c83c44e965d2f,357733
data/recycle_dataset/notebooks/model_A/runs/comparison_A1_A2/A-2/BoxR_curve.png,comparisons/A1_vs_A2/A-2/BoxR_curve.png,b61514c1cdf0f4a580c734ef3462a77193c1b413bee2255143514504bb2fd3a6,427354
data/recycle_dataset/notebooks/model_A/runs/comparison_A1_A2/A-2/confusion_matrix.png,comparisons/A1_vs_A2/A-2/confusion_matrix.png,9296b620e505686748421ab4fd1ca5d086361b2b3ccb66f8d55e37a82898f728,365453
data/recycle_dataset/notebooks/model_A/runs/comparison_A1_A2/A-2/confusion_matrix_normalized.png,comparisons/A1_vs_A2/A-2/confusion_matrix_normalized.png,65ade745eda3ee6e72a18bb354a7f29a9617a46bcae8e5d47b016f7c585b6cda,396141
data/recycle_dataset/notebooks/model_A/runs/comparison_A1_A2/A-2/val_batch0_labels.jpg,A1/run/runs/detect/val-2/val_batch0_labels.jpg,8d3f0f70789be05d5725a6617139e28669211c5bdeaa1d683f0fc70c76f3858d,455561
data/recycle_dataset/notebooks/model_A/runs/comparison_A1_A2/A-2/val_batch0_pred.jpg,comparisons/A1_vs_A2/A-2/val_batch0_pred.jpg,420096a240c0a5586f8eed8a963457ff1ac95113e75eb5e4eab47d69ed3657d6,462175
data/recycle_dataset/notebooks/model_A/runs/comparison_A1_A2/A-2/val_batch1_labels.jpg,comparisons/A1_vs_A2/A-1/val_batch1_labels.jpg,26592bf08750e05d6e9128dbb990d57b1dc413f4234fd61fd46cf759f73a38a3,681406
data/recycle_dataset/notebooks/model_A/runs/comparison_A1_A2/A-2/val_batch1_pred.jpg,comparisons/A1_vs_A2/A-2/val_batch1_pred.jpg,8956a1912f4ff41f088e2146c7de7abc09fc2810219e06708e262e7e1645c337,687781
data/recycle_dataset/notebooks/model_A/runs/comparison_A1_A2/A-2/val_batch2_labels.jpg,comparisons/A1_vs_A2/A-1/val_batch2_labels.jpg,eae7e84f9275bb2ba70de2545bf446f50420d4ddbad8943fbaa07f9c54e1ecae,657192
data/recycle_dataset/notebooks/model_A/runs/comparison_A1_A2/A-2/val_batch2_pred.jpg,comparisons/A1_vs_A2/A-2/val_batch2_pred.jpg,a9393b7ecd6c89386696449ab3e3b291258f2c44dbc50cc89775abd7e545b506,666447
data/recycle_dataset/notebooks/model_A/runs/comparison_dirty_to_clean/A-1/BoxF1_curve.png,comparisons/dirty_to_clean/A-1/BoxF1_curve.png,94cab10b20bc25685d1e51771e1a7281a24354623c6a26ace0acde79e023731c,385621
data/recycle_dataset/notebooks/model_A/runs/comparison_dirty_to_clean/A-1/BoxP_curve.png,comparisons/dirty_to_clean/A-1/BoxP_curve.png,6c758cde46045669e6d6d0e651551351f8625853eba6c91d7b42431eac3c6d43,279384
data/recycle_dataset/notebooks/model_A/runs/comparison_dirty_to_clean/A-1/BoxPR_curve.png,comparisons/dirty_to_clean/A-1/BoxPR_curve.png,4c2d59cd6ced7bedfd4682d92534f32df15dfb10ce3b672f684fde657bdb8536,311691
data/recycle_dataset/notebooks/model_A/runs/comparison_dirty_to_clean/A-1/BoxR_curve.png,comparisons/dirty_to_clean/A-1/BoxR_curve.png,69b84c4a5d5312de706391b2fc92eb6c84a4d5487ef70a971eee7655c9e330f4,392864
data/recycle_dataset/notebooks/model_A/runs/comparison_dirty_to_clean/A-1/confusion_matrix.png,comparisons/A1_vs_A2/A-1/confusion_matrix.png,1f2a7a65ca24198942421db225f13e263f0e5161f5093c15051da44a08c35d51,366188
data/recycle_dataset/notebooks/model_A/runs/comparison_dirty_to_clean/A-1/confusion_matrix_normalized.png,comparisons/A1_vs_A2/A-1/confusion_matrix_normalized.png,315f745cdad72718a133ea39165273a4b15333d82dedce186938970f86586168,392715
data/recycle_dataset/notebooks/model_A/runs/comparison_dirty_to_clean/A-1/val_batch0_labels.jpg,A1/run/runs/detect/val-2/val_batch0_labels.jpg,8d3f0f70789be05d5725a6617139e28669211c5bdeaa1d683f0fc70c76f3858d,455561
data/recycle_dataset/notebooks/model_A/runs/comparison_dirty_to_clean/A-1/val_batch0_pred.jpg,A1/run/runs/detect/val-2/val_batch0_pred.jpg,d232c8c8618df563d973f5cbcb784b7307de4a9432c6873c2a673ee6c48ab27b,462692
data/recycle_dataset/notebooks/model_A/runs/comparison_dirty_to_clean/A-1/val_batch1_labels.jpg,comparisons/A1_vs_A2/A-1/val_batch1_labels.jpg,26592bf08750e05d6e9128dbb990d57b1dc413f4234fd61fd46cf759f73a38a3,681406
data/recycle_dataset/notebooks/model_A/runs/comparison_dirty_to_clean/A-1/val_batch1_pred.jpg,comparisons/A1_vs_A2/A-1/val_batch1_pred.jpg,f968eff985759a76363a3eef058e8a37b3a60480b316668e37e87555177af25a,690093
data/recycle_dataset/notebooks/model_A/runs/comparison_dirty_to_clean/A-1/val_batch2_labels.jpg,comparisons/A1_vs_A2/A-1/val_batch2_labels.jpg,eae7e84f9275bb2ba70de2545bf446f50420d4ddbad8943fbaa07f9c54e1ecae,657192
data/recycle_dataset/notebooks/model_A/runs/comparison_dirty_to_clean/A-1/val_batch2_pred.jpg,comparisons/A1_vs_A2/A-1/val_batch2_pred.jpg,8803a27a955f777fcffa72cf129f41d49f41564464b41288943eb078470bfa7c,663070
data/recycle_dataset/notebooks/model_A/runs/comparison_dirty_to_clean/A-2/BoxF1_curve.png,comparisons/dirty_to_clean/A-2/BoxF1_curve.png,73940d1d6445cdb96913463735600f2cdf36a9b1311fbf71a80070efd39118a2,390475
data/recycle_dataset/notebooks/model_A/runs/comparison_dirty_to_clean/A-2/BoxP_curve.png,comparisons/dirty_to_clean/A-2/BoxP_curve.png,9b4471372370b508f3ebf79b6f352ec4e39f5d0349b97aa8698dca4e755cab65,287430
data/recycle_dataset/notebooks/model_A/runs/comparison_dirty_to_clean/A-2/BoxPR_curve.png,comparisons/dirty_to_clean/A-2/BoxPR_curve.png,a140fcdbdedbeca9af2444c54d9fc8501a6a5d9c1225d96e6bf00d0cec2ac9c0,313878
data/recycle_dataset/notebooks/model_A/runs/comparison_dirty_to_clean/A-2/BoxR_curve.png,comparisons/dirty_to_clean/A-2/BoxR_curve.png,cefc43b7db6d797a94e81189d8c385376bb8e9681b37d6b60a802acea7661e38,394516
data/recycle_dataset/notebooks/model_A/runs/comparison_dirty_to_clean/A-2/confusion_matrix.png,comparisons/A1_vs_A2/A-2/confusion_matrix.png,9296b620e505686748421ab4fd1ca5d086361b2b3ccb66f8d55e37a82898f728,365453
data/recycle_dataset/notebooks/model_A/runs/comparison_dirty_to_clean/A-2/confusion_matrix_normalized.png,comparisons/A1_vs_A2/A-2/confusion_matrix_normalized.png,65ade745eda3ee6e72a18bb354a7f29a9617a46bcae8e5d47b016f7c585b6cda,396141
data/recycle_dataset/notebooks/model_A/runs/comparison_dirty_to_clean/A-2/val_batch0_labels.jpg,A1/run/runs/detect/val-2/val_batch0_labels.jpg,8d3f0f70789be05d5725a6617139e28669211c5bdeaa1d683f0fc70c76f3858d,455561
data/recycle_dataset/notebooks/model_A/runs/comparison_dirty_to_clean/A-2/val_batch0_pred.jpg,comparisons/A1_vs_A2/A-2/val_batch0_pred.jpg,420096a240c0a5586f8eed8a963457ff1ac95113e75eb5e4eab47d69ed3657d6,462175
data/recycle_dataset/notebooks/model_A/runs/comparison_dirty_to_clean/A-2/val_batch1_labels.jpg,comparisons/A1_vs_A2/A-1/val_batch1_labels.jpg,26592bf08750e05d6e9128dbb990d57b1dc413f4234fd61fd46cf759f73a38a3,681406
data/recycle_dataset/notebooks/model_A/runs/comparison_dirty_to_clean/A-2/val_batch1_pred.jpg,comparisons/A1_vs_A2/A-2/val_batch1_pred.jpg,8956a1912f4ff41f088e2146c7de7abc09fc2810219e06708e262e7e1645c337,687781
data/recycle_dataset/notebooks/model_A/runs/comparison_dirty_to_clean/A-2/val_batch2_labels.jpg,comparisons/A1_vs_A2/A-1/val_batch2_labels.jpg,eae7e84f9275bb2ba70de2545bf446f50420d4ddbad8943fbaa07f9c54e1ecae,657192
data/recycle_dataset/notebooks/model_A/runs/comparison_dirty_to_clean/A-2/val_batch2_pred.jpg,comparisons/A1_vs_A2/A-2/val_batch2_pred.jpg,a9393b7ecd6c89386696449ab3e3b291258f2c44dbc50cc89775abd7e545b506,666447
data/recycle_dataset/notebooks/model_A/runs/recycle_yolo11n_14class_A-2/args.yaml,A2/run/args.yaml,a8d9716ccbc44858bc7b85cf7d9b5f7a8b6813b28561d1d75d8fce844e3bb260,1881
data/recycle_dataset/notebooks/model_A/runs/recycle_yolo11n_14class_A-2/BoxF1_curve.png,A2/run/BoxF1_curve.png,155ba66bc29ffd9357b5b54f32290e03bf6320b80ed2745df3bd955455522178,469966
data/recycle_dataset/notebooks/model_A/runs/recycle_yolo11n_14class_A-2/BoxP_curve.png,A2/run/BoxP_curve.png,7749ede08a86ead61cf7e90f73abcf6405e37b0679792eda4e9404775d0f3a49,381624
data/recycle_dataset/notebooks/model_A/runs/recycle_yolo11n_14class_A-2/BoxPR_curve.png,A2/run/BoxPR_curve.png,bb8a19ec4b2e117f71cee30850eef6f5ebb33d3acfd7a7638f56172673366286,357671
data/recycle_dataset/notebooks/model_A/runs/recycle_yolo11n_14class_A-2/BoxR_curve.png,A2/run/BoxR_curve.png,6fae55457a9a6a7c428eaffc109e844071d3595a5d9fe4e6b8d5c05aa317f383,427699
data/recycle_dataset/notebooks/model_A/runs/recycle_yolo11n_14class_A-2/confusion_matrix.png,A2/run/confusion_matrix.png,88d2a1f34b91002c347539fb5e2c02e886df2c2a1f0a558934079bfdaaf71c3e,367876
data/recycle_dataset/notebooks/model_A/runs/recycle_yolo11n_14class_A-2/confusion_matrix_normalized.png,A2/run/confusion_matrix_normalized.png,53aa212f7957226f8ff06fe648519394f128463b5898cb4bbcf82b5a25fe225f,396731
data/recycle_dataset/notebooks/model_A/runs/recycle_yolo11n_14class_A-2/labels.jpg,A1/run/labels.jpg,ae12e84d2ea78f8cde78c971ee98c81fa7a736e0680185c795e274003e1219f8,171182
data/recycle_dataset/notebooks/model_A/runs/recycle_yolo11n_14class_A-2/results.csv,A2/run/results.csv,afc76e1bd8c158fdeb26332d1806959d9365ba8dcff5e5f396fb8401afba0af6,8690
data/recycle_dataset/notebooks/model_A/runs/recycle_yolo11n_14class_A-2/results.png,A2/run/results.png,37da292f8ea1220c5706800f69e97441d57ad2e6b069a374009b50a0856b9eeb,396183
data/recycle_dataset/notebooks/model_A/runs/recycle_yolo11n_14class_A-2/train_batch0.jpg,A1/run/train_batch0.jpg,f5aaf8493761f0e2900ff1eecb2a44275484d30f90eab02b7df2c6b363a9357e,513804
data/recycle_dataset/notebooks/model_A/runs/recycle_yolo11n_14class_A-2/train_batch1.jpg,A1/run/train_batch1.jpg,a2abca0829592b11b539269a65b054264f8cdb14531e8971f4896078cbc59c3f,590260
data/recycle_dataset/notebooks/model_A/runs/recycle_yolo11n_14class_A-2/train_batch2.jpg,A1/run/train_batch2.jpg,d3555827cc6b23d47fecc9f26f23aa9f847480ae7c6fe099074fb33355171681,591841
data/recycle_dataset/notebooks/model_A/runs/recycle_yolo11n_14class_A-2/val_batch0_labels.jpg,A1/run/val_batch0_labels.jpg,a81bc46b3c19e25f39f4ed0a7e7594a4e6370224d322dab279f364cdf9eb0ccc,456041
data/recycle_dataset/notebooks/model_A/runs/recycle_yolo11n_14class_A-2/val_batch0_pred.jpg,A2/run/val_batch0_pred.jpg,2cc37a710fb1366af59b2e9302e842503030ed3b3fdaf56213bf560e2fb8e400,463030
data/recycle_dataset/notebooks/model_A/runs/recycle_yolo11n_14class_A-2/val_batch1_labels.jpg,A1/run/val_batch1_labels.jpg,cd0141cbd10866a4e6c3064fd33f1afd6933b039579a3f049b1260c30f9b4f6d,657985
data/recycle_dataset/notebooks/model_A/runs/recycle_yolo11n_14class_A-2/val_batch1_pred.jpg,A2/run/val_batch1_pred.jpg,fbd5a3780de8ffe00aa8bd29c1d2ff47412cdd638010d67ef1b9371f4d86f883,666896
data/recycle_dataset/notebooks/model_A/runs/recycle_yolo11n_14class_A-2/val_batch2_labels.jpg,A1/run/val_batch2_labels.jpg,99a7a1c6cc194ad8e63fe45818a4a5c924abd51dcf28019592f44ce6a8ec673a,516334
data/recycle_dataset/notebooks/model_A/runs/recycle_yolo11n_14class_A-2/val_batch2_pred.jpg,A2/run/val_batch2_pred.jpg,f51d19fee56636b6500cdc1ee6ae201dadb09250b621836392942dee94588664,520584
data/recycle_dataset/notebooks/model_A/runs/recycle_yolo11n_14class_A-2/weights/best.pt,A2/run/weights/best.pt,e524699d4677b59f42cf68ece061e100b66226498f177e3b633538b2752b6c63,5466714
data/recycle_dataset/notebooks/model_A/runs/recycle_yolo11n_14class_A-2/weights/last.pt,A2/run/weights/last.pt,f89adce595184c7dd4373d7855725cc312b0b259d129bf878260e4b0b37012c9,5466714
data/recycle_dataset/notebooks/model_A/runs/recycle_yolo11n_14class_v1/args.yaml,A1/run/args.yaml,a0de99e7da38d78dad1d2fe41e7a8398040aba0501d5e1e3ebf32488f8283fd7,1838
data/recycle_dataset/notebooks/model_A/runs/recycle_yolo11n_14class_v1/BoxF1_curve.png,A1/run/BoxF1_curve.png,5c6e0d8f1d26b5f37a9412e8002b2ade8ba12fdf6279363fba802951d5cc5cde,470956
data/recycle_dataset/notebooks/model_A/runs/recycle_yolo11n_14class_v1/BoxP_curve.png,A1/run/BoxP_curve.png,d07c39ffa99a444d1863e77f804668dbaa452617f00f2eb567570b6285301e66,378647
data/recycle_dataset/notebooks/model_A/runs/recycle_yolo11n_14class_v1/BoxPR_curve.png,A1/run/BoxPR_curve.png,ecd60124d05da1d9b558854eb8eee40d5d35e88a80f0f93d519d765a25b289dd,355989
data/recycle_dataset/notebooks/model_A/runs/recycle_yolo11n_14class_v1/BoxR_curve.png,A1/run/BoxR_curve.png,6c346bba1a2507cf90f79fa0da970f2c795e1586007b761e64ef64405d6271a0,427266
data/recycle_dataset/notebooks/model_A/runs/recycle_yolo11n_14class_v1/confusion_matrix.png,A1/run/confusion_matrix.png,96c2de97169e13200d7b9b010fd9bb6187db613e0aef46ba4b5f82385565e8f1,369318
data/recycle_dataset/notebooks/model_A/runs/recycle_yolo11n_14class_v1/confusion_matrix_normalized.png,A1/run/confusion_matrix_normalized.png,b95b4993813b1e3bf5acb9b81d98cdf8fc2280d3470a4a67d662ec52f9e7f19a,395095
data/recycle_dataset/notebooks/model_A/runs/recycle_yolo11n_14class_v1/labels.jpg,A1/run/labels.jpg,ae12e84d2ea78f8cde78c971ee98c81fa7a736e0680185c795e274003e1219f8,171182
data/recycle_dataset/notebooks/model_A/runs/recycle_yolo11n_14class_v1/results.csv,A1/run/results.csv,c0bd388bdfde4a787c11dd73962a49da65fba3becce51471740e9607d5275789,2016
data/recycle_dataset/notebooks/model_A/runs/recycle_yolo11n_14class_v1/results.png,A1/run/results.png,9dde84bb986557d2435d7d2ecf4746d8a274f37ff45af3f1e9ac2671a4876cc7,326552
data/recycle_dataset/notebooks/model_A/runs/recycle_yolo11n_14class_v1/runs/detect/val-2/val_batch0_labels.jpg,A1/run/runs/detect/val-2/val_batch0_labels.jpg,8d3f0f70789be05d5725a6617139e28669211c5bdeaa1d683f0fc70c76f3858d,455561
data/recycle_dataset/notebooks/model_A/runs/recycle_yolo11n_14class_v1/runs/detect/val-2/val_batch0_pred.jpg,A1/run/runs/detect/val-2/val_batch0_pred.jpg,d232c8c8618df563d973f5cbcb784b7307de4a9432c6873c2a673ee6c48ab27b,462692
data/recycle_dataset/notebooks/model_A/runs/recycle_yolo11n_14class_v1/runs/detect/val-2/val_batch1_labels.jpg,A1/run/runs/detect/val-2/val_batch1_labels.jpg,95ac9536d7700a9010806c2bcf531a91bdbc0edd65fe07144aa7837883844da1,661406
data/recycle_dataset/notebooks/model_A/runs/recycle_yolo11n_14class_v1/runs/detect/val-2/val_batch1_pred.jpg,A1/run/runs/detect/val-2/val_batch1_pred.jpg,2e35dbcc089b1da5cbe76158c5ef828a64e38f568e50d435d6572011e96c1820,664183
data/recycle_dataset/notebooks/model_A/runs/recycle_yolo11n_14class_v1/runs/detect/val-2/val_batch2_labels.jpg,A1/run/runs/detect/val-2/val_batch2_labels.jpg,38cbeb81101952a6ffa30d740c27ff3326bbde9e6e6e7623fc4d7956f97e3963,612424
data/recycle_dataset/notebooks/model_A/runs/recycle_yolo11n_14class_v1/runs/detect/val-2/val_batch2_pred.jpg,A1/run/runs/detect/val-2/val_batch2_pred.jpg,b970bb6bd2d79bc4cd364e1b63a778ddc8b1c29ec0d2ed8e7d5afbd11679593f,623810
data/recycle_dataset/notebooks/model_A/runs/recycle_yolo11n_14class_v1/runs/detect/val/val_batch0_labels.jpg,A1/run/runs/detect/val-2/val_batch0_labels.jpg,8d3f0f70789be05d5725a6617139e28669211c5bdeaa1d683f0fc70c76f3858d,455561
data/recycle_dataset/notebooks/model_A/runs/recycle_yolo11n_14class_v1/runs/detect/val/val_batch0_pred.jpg,A1/run/runs/detect/val-2/val_batch0_pred.jpg,d232c8c8618df563d973f5cbcb784b7307de4a9432c6873c2a673ee6c48ab27b,462692
data/recycle_dataset/notebooks/model_A/runs/recycle_yolo11n_14class_v1/runs/detect/val/val_batch1_labels.jpg,A1/run/runs/detect/val-2/val_batch1_labels.jpg,95ac9536d7700a9010806c2bcf531a91bdbc0edd65fe07144aa7837883844da1,661406
data/recycle_dataset/notebooks/model_A/runs/recycle_yolo11n_14class_v1/runs/detect/val/val_batch1_pred.jpg,A1/run/runs/detect/val-2/val_batch1_pred.jpg,2e35dbcc089b1da5cbe76158c5ef828a64e38f568e50d435d6572011e96c1820,664183
data/recycle_dataset/notebooks/model_A/runs/recycle_yolo11n_14class_v1/runs/detect/val/val_batch2_labels.jpg,A1/run/runs/detect/val-2/val_batch2_labels.jpg,38cbeb81101952a6ffa30d740c27ff3326bbde9e6e6e7623fc4d7956f97e3963,612424
data/recycle_dataset/notebooks/model_A/runs/recycle_yolo11n_14class_v1/runs/detect/val/val_batch2_pred.jpg,A1/run/runs/detect/val-2/val_batch2_pred.jpg,b970bb6bd2d79bc4cd364e1b63a778ddc8b1c29ec0d2ed8e7d5afbd11679593f,623810
data/recycle_dataset/notebooks/model_A/runs/recycle_yolo11n_14class_v1/train_batch0.jpg,A1/run/train_batch0.jpg,f5aaf8493761f0e2900ff1eecb2a44275484d30f90eab02b7df2c6b363a9357e,513804
data/recycle_dataset/notebooks/model_A/runs/recycle_yolo11n_14class_v1/train_batch1.jpg,A1/run/train_batch1.jpg,a2abca0829592b11b539269a65b054264f8cdb14531e8971f4896078cbc59c3f,590260
data/recycle_dataset/notebooks/model_A/runs/recycle_yolo11n_14class_v1/train_batch2.jpg,A1/run/train_batch2.jpg,d3555827cc6b23d47fecc9f26f23aa9f847480ae7c6fe099074fb33355171681,591841
data/recycle_dataset/notebooks/model_A/runs/recycle_yolo11n_14class_v1/Untitled.ipynb,A1/run/Untitled.ipynb,486cfcf4721753e7ace8ee151e74f67a71b91f3ced3df5fe46d4c4557e8ecb45,13908
data/recycle_dataset/notebooks/model_A/runs/recycle_yolo11n_14class_v1/val_batch0_labels.jpg,A1/run/val_batch0_labels.jpg,a81bc46b3c19e25f39f4ed0a7e7594a4e6370224d322dab279f364cdf9eb0ccc,456041
data/recycle_dataset/notebooks/model_A/runs/recycle_yolo11n_14class_v1/val_batch0_pred.jpg,A1/run/val_batch0_pred.jpg,877042edfb3ad4854bb011d1c2aca4ce567a8c4bfa7b978e98faf2eeb9061900,463452
data/recycle_dataset/notebooks/model_A/runs/recycle_yolo11n_14class_v1/val_batch1_labels.jpg,A1/run/val_batch1_labels.jpg,cd0141cbd10866a4e6c3064fd33f1afd6933b039579a3f049b1260c30f9b4f6d,657985
data/recycle_dataset/notebooks/model_A/runs/recycle_yolo11n_14class_v1/val_batch1_pred.jpg,A1/run/val_batch1_pred.jpg,04b8ae6aa9812dd254c01ff62a29618959cfe2b80a6d4ccf699618ec761a93d5,663520
data/recycle_dataset/notebooks/model_A/runs/recycle_yolo11n_14class_v1/val_batch2_labels.jpg,A1/run/val_batch2_labels.jpg,99a7a1c6cc194ad8e63fe45818a4a5c924abd51dcf28019592f44ce6a8ec673a,516334
data/recycle_dataset/notebooks/model_A/runs/recycle_yolo11n_14class_v1/val_batch2_pred.jpg,A1/run/val_batch2_pred.jpg,94ab64118693ecf928da6cd2adfbc9e14a9313fea137d85f0e4b79bae15d4f4c,522372
data/recycle_dataset/notebooks/model_A/runs/recycle_yolo11n_14class_v1/weights/best.pt,A1/run/weights/best.pt,14f84636326dd6c339225fefddb8afb0f8a608e42cf16e99b62caa63c5fe7b32,5459866
data/recycle_dataset/notebooks/model_A/runs/recycle_yolo11n_14class_v1/weights/epoch0.pt,A1/run/weights/epoch0.pt,73d23ff4fe3dbaafa81e7ee6cdb80ecdbf54a434f698ad746a05d7f87a6914f1,15932389
data/recycle_dataset/notebooks/model_A/runs/recycle_yolo11n_14class_v1/weights/epoch10.pt,A1/run/weights/epoch10.pt,cfb6f4ad131c8bb0beab32055489f10e8ffb15ffee296dbeb6ca192be3f5bfc8,15934181
data/recycle_dataset/notebooks/model_A/runs/recycle_yolo11n_14class_v1/weights/epoch5.pt,A1/run/weights/epoch5.pt,6cb71bde6dfee57410997807479b148d5a1316d5d4c86b064a8481615199224f,15933285
data/recycle_dataset/notebooks/model_A/runs/recycle_yolo11n_14class_v1/weights/last.pt,A1/run/weights/last.pt,bf59a6a1e971292dbc1b0a7f7af72ff3ddeb283532196a655f55aa3fa7c5978c,5459866
data/recycle_dataset/notebooks/model_A/test.ipynb,shared/test.ipynb,122a8d71479db3f5e9266da97af1070d24e3b6d0cbab9210d977b63392d1dca1,30854888
data/recycle_dataset/notebooks/model_A/train_A2.py,A2/train_A2.py,9ea3b46636f208a832b7eea82cd23c3b3dae35de4385289c59bab4bc71cfae87,2901
data/recycle_dataset/notebooks/model_A/train_model_a.py,A1/train_model_a.py,cde89d990a29861c1832cf827293fb4c1d177f3101116863d4153b36ce56a424,2436
data/recycle_dataset/notebooks/model_A/.ipynb_checkpoints/audit_model_a_errors-checkpoint.py,A2/audit_model_a_errors.py,90830349bd5f99a1eb38a573ef778f17d87c766dd2d48d6b7230bce69ea8d6ba,9219
data/recycle_dataset/notebooks/model_A/.ipynb_checkpoints/test-checkpoint.ipynb,shared/test.ipynb,122a8d71479db3f5e9266da97af1070d24e3b6d0cbab9210d977b63392d1dca1,30854888
data/recycle_dataset/notebooks/model_A/.ipynb_checkpoints/train_A2-checkpoint.py,A2/train_A2.py,9ea3b46636f208a832b7eea82cd23c3b3dae35de4385289c59bab4bc71cfae87,2901
data/recycle_dataset/notebooks/model_A/.ipynb_checkpoints/train_model_a-checkpoint.py,A1/train_model_a.py,cde89d990a29861c1832cf827293fb4c1d177f3101116863d4153b36ce56a424,2436
data/recycle_dataset/notebooks/model_A/runs/comparison_dirty_to_clean/A-1/.ipynb_checkpoints/BoxF1_curve-checkpoint.png,comparisons/dirty_to_clean/A-1/BoxF1_curve.png,94cab10b20bc25685d1e51771e1a7281a24354623c6a26ace0acde79e023731c,385621
data/recycle_dataset/notebooks/model_A/runs/comparison_dirty_to_clean/A-1/.ipynb_checkpoints/BoxP_curve-checkpoint.png,comparisons/dirty_to_clean/A-1/BoxP_curve.png,6c758cde46045669e6d6d0e651551351f8625853eba6c91d7b42431eac3c6d43,279384
data/recycle_dataset/notebooks/model_A/runs/comparison_dirty_to_clean/A-1/.ipynb_checkpoints/BoxPR_curve-checkpoint.png,comparisons/dirty_to_clean/A-1/BoxPR_curve.png,4c2d59cd6ced7bedfd4682d92534f32df15dfb10ce3b672f684fde657bdb8536,311691
data/recycle_dataset/notebooks/model_A/runs/comparison_dirty_to_clean/A-1/.ipynb_checkpoints/BoxR_curve-checkpoint.png,comparisons/dirty_to_clean/A-1/BoxR_curve.png,69b84c4a5d5312de706391b2fc92eb6c84a4d5487ef70a971eee7655c9e330f4,392864
data/recycle_dataset/notebooks/model_A/runs/comparison_dirty_to_clean/A-1/.ipynb_checkpoints/confusion_matrix-checkpoint.png,comparisons/A1_vs_A2/A-1/confusion_matrix.png,1f2a7a65ca24198942421db225f13e263f0e5161f5093c15051da44a08c35d51,366188
data/recycle_dataset/notebooks/model_A/runs/comparison_dirty_to_clean/A-1/.ipynb_checkpoints/confusion_matrix_normalized-checkpoint.png,comparisons/A1_vs_A2/A-1/confusion_matrix_normalized.png,315f745cdad72718a133ea39165273a4b15333d82dedce186938970f86586168,392715
data/recycle_dataset/notebooks/model_A/runs/comparison_dirty_to_clean/A-1/.ipynb_checkpoints/val_batch0_labels-checkpoint.jpg,A1/run/runs/detect/val-2/val_batch0_labels.jpg,8d3f0f70789be05d5725a6617139e28669211c5bdeaa1d683f0fc70c76f3858d,455561
data/recycle_dataset/notebooks/model_A/runs/comparison_dirty_to_clean/A-1/.ipynb_checkpoints/val_batch0_pred-checkpoint.jpg,A1/run/runs/detect/val-2/val_batch0_pred.jpg,d232c8c8618df563d973f5cbcb784b7307de4a9432c6873c2a673ee6c48ab27b,462692
data/recycle_dataset/notebooks/model_A/runs/comparison_dirty_to_clean/A-1/.ipynb_checkpoints/val_batch1_labels-checkpoint.jpg,comparisons/A1_vs_A2/A-1/val_batch1_labels.jpg,26592bf08750e05d6e9128dbb990d57b1dc413f4234fd61fd46cf759f73a38a3,681406
data/recycle_dataset/notebooks/model_A/runs/comparison_dirty_to_clean/A-1/.ipynb_checkpoints/val_batch1_pred-checkpoint.jpg,comparisons/A1_vs_A2/A-1/val_batch1_pred.jpg,f968eff985759a76363a3eef058e8a37b3a60480b316668e37e87555177af25a,690093
data/recycle_dataset/notebooks/model_A/runs/comparison_dirty_to_clean/A-1/.ipynb_checkpoints/val_batch2_labels-checkpoint.jpg,comparisons/A1_vs_A2/A-1/val_batch2_labels.jpg,eae7e84f9275bb2ba70de2545bf446f50420d4ddbad8943fbaa07f9c54e1ecae,657192
data/recycle_dataset/notebooks/model_A/runs/comparison_dirty_to_clean/A-1/.ipynb_checkpoints/val_batch2_pred-checkpoint.jpg,comparisons/A1_vs_A2/A-1/val_batch2_pred.jpg,8803a27a955f777fcffa72cf129f41d49f41564464b41288943eb078470bfa7c,663070
data/recycle_dataset/notebooks/model_A/runs/comparison_dirty_to_clean/A-2/.ipynb_checkpoints/BoxPR_curve-checkpoint.png,comparisons/dirty_to_clean/A-2/BoxPR_curve.png,a140fcdbdedbeca9af2444c54d9fc8501a6a5d9c1225d96e6bf00d0cec2ac9c0,313878
data/recycle_dataset/notebooks/model_A/runs/comparison_dirty_to_clean/A-2/.ipynb_checkpoints/confusion_matrix-checkpoint.png,comparisons/A1_vs_A2/A-2/confusion_matrix.png,9296b620e505686748421ab4fd1ca5d086361b2b3ccb66f8d55e37a82898f728,365453
data/recycle_dataset/notebooks/model_A/runs/comparison_dirty_to_clean/A-2/.ipynb_checkpoints/confusion_matrix_normalized-checkpoint.png,comparisons/A1_vs_A2/A-2/confusion_matrix_normalized.png,65ade745eda3ee6e72a18bb354a7f29a9617a46bcae8e5d47b016f7c585b6cda,396141
data/recycle_dataset/notebooks/model_A/runs/comparison_dirty_to_clean/A-2/.ipynb_checkpoints/val_batch0_labels-checkpoint.jpg,A1/run/runs/detect/val-2/val_batch0_labels.jpg,8d3f0f70789be05d5725a6617139e28669211c5bdeaa1d683f0fc70c76f3858d,455561
data/recycle_dataset/notebooks/model_A/runs/comparison_dirty_to_clean/A-2/.ipynb_checkpoints/val_batch0_pred-checkpoint.jpg,comparisons/A1_vs_A2/A-2/val_batch0_pred.jpg,420096a240c0a5586f8eed8a963457ff1ac95113e75eb5e4eab47d69ed3657d6,462175
data/recycle_dataset/notebooks/model_A/runs/comparison_dirty_to_clean/A-2/.ipynb_checkpoints/val_batch1_labels-checkpoint.jpg,comparisons/A1_vs_A2/A-1/val_batch1_labels.jpg,26592bf08750e05d6e9128dbb990d57b1dc413f4234fd61fd46cf759f73a38a3,681406
data/recycle_dataset/notebooks/model_A/runs/comparison_dirty_to_clean/A-2/.ipynb_checkpoints/val_batch1_pred-checkpoint.jpg,comparisons/A1_vs_A2/A-2/val_batch1_pred.jpg,8956a1912f4ff41f088e2146c7de7abc09fc2810219e06708e262e7e1645c337,687781
data/recycle_dataset/notebooks/model_A/runs/comparison_dirty_to_clean/A-2/.ipynb_checkpoints/val_batch2_labels-checkpoint.jpg,comparisons/A1_vs_A2/A-1/val_batch2_labels.jpg,eae7e84f9275bb2ba70de2545bf446f50420d4ddbad8943fbaa07f9c54e1ecae,657192
data/recycle_dataset/notebooks/model_A/runs/comparison_dirty_to_clean/A-2/.ipynb_checkpoints/val_batch2_pred-checkpoint.jpg,comparisons/A1_vs_A2/A-2/val_batch2_pred.jpg,a9393b7ecd6c89386696449ab3e3b291258f2c44dbc50cc89775abd7e545b506,666447
data/recycle_dataset/notebooks/model_A/runs/recycle_yolo11n_14class_A-2/.ipynb_checkpoints/results-checkpoint.csv,A2/run/results.csv,afc76e1bd8c158fdeb26332d1806959d9365ba8dcff5e5f396fb8401afba0af6,8690
data/recycle_dataset/notebooks/model_A/runs/recycle_yolo11n_14class_v1/.ipynb_checkpoints/args-checkpoint.yaml,A1/run/args.yaml,a0de99e7da38d78dad1d2fe41e7a8398040aba0501d5e1e3ebf32488f8283fd7,1838
data/recycle_dataset/notebooks/model_A/runs/recycle_yolo11n_14class_v1/.ipynb_checkpoints/results-checkpoint.csv,A1/run/results.csv,c0bd388bdfde4a787c11dd73962a49da65fba3becce51471740e9607d5275789,2016
data/recycle_dataset/notebooks/model_A/runs/recycle_yolo11n_14class_v1/.ipynb_checkpoints/Untitled-checkpoint.ipynb,A1/run/.ipynb_checkpoints/Untitled-checkpoint.ipynb,4a62b68a633d79c53a6fd8893e8ea42dcf2b9a8a3e907b1b9861661f04f21517,72
